address,pnl_7d_usd,pnl_30d_usd,win_rate_30d,closed_trades,profit_factor,median_hold_h,last_fill,main_coins,tier,red_flag,win_rate_sample,trades_30d,sample_days,okx_share,perp_equity_usd,spot_usdc,fills_per_day,status,score
0xc56891f98eecb32926abb8d627f57c99e6536ecd,130144,207626,1.0,75,126.0,3.4,2026-10-07 18:39 CST (0h ago),HYPE:43% LIT:29% NEAR:15% AAVE:10%,A,,0.93,29,97.8,1.0,188837,0,17.2,new,2.795
0x3a23b10845e911b6944d9dc2f1f480fca3af35d6,124015,664358,0.93,80,41.9,9.0,2026-10-07 10:57 CST (8h ago),ETH:20% SPCX:19% BTC:11% MON:6%,A,high leverage (8x notional/equity),0.8,28,157.2,1.0,583595,0,12.1,kept,2.629
0x69906b0ed626ca01a4b7c001e5711e5714ccf207,251746,452732,0.79,75,16.9,21.1,2026-10-07 10:03 CST (9h ago),BTC:40% HYPE:33% SOL:8% NVDA:7%,A,,0.83,52,41.2,0.996,402828,0,39.4,new,2.411
0x8aa077f5998d234ac8641d73d6bc4976e2a210fc,43752,191926,0.83,39,18.0,189.3,2026-10-07 18:45 CST (0h ago),BTC:24% ETH:6% MSTR:5% AMD:5%,A,,0.85,30,52.7,0.948,163520,0,37.9,new,2.316
0x95da8596c44dd09f4b8becce87ad3b7894fb2328,84746,221885,0.81,64,13.6,4.6,2026-10-07 11:21 CST (8h ago),PUMP:28% ONDO:12% BTC:10% UNI:7%,A,,0.81,52,33.3,1.0,1037273,0,57.6,new,2.309
0x6a02aedceac5a6813d960e4dae1910d9c458e77c,16547,191049,0.89,42,8.0,29.5,2026-10-06 17:51 CST (25h ago),ETH:45% BTC:26% GOLD:8% SPCX:4%,A,,0.93,9,210.6,0.911,724606,0,7.4,new,2.205
0x98e073b579fd483eac8f10d5bd0b32c8c3bbd7e0,231261,539013,0.66,222,5.2,11.9,2026-10-07 05:09 CST (14h ago),HYPE:19% ETH:14% ZEC:12% LIT:7%,A,,0.75,71,56.0,0.983,120504,0,27.5,new,2.168
0x04a97ae7f350a22cd0cdb6b1875e8905b76495aa,43468,256057,1.0,110,664.2,3.5,2026-10-07 18:09 CST (1h ago),BTC:78% ETH:15% SOL:5% BRENTOIL:1%,B,near-100% win rate (check for averaging-down / tiny-loss masking),0.99,13,237.8,0.989,407344,0,7.1,new,2.929
0x88409ec78c566ba325e7023ec90f9be89a9b9699,44058,175337,0.9,70,19.4,3.1,2026-10-07 02:33 CST (16h ago),SNDK:31% SPCX:22% SKHY:16% MU:13%,B,stock/commodity-perp heavy (82% of volume); perp equity $32k (collateral $409k USDC in spot),0.73,10,448.6,0.908,32194,408909,1.8,new,2.335
0xb7658d7c63b6c1fc7254fe9402a95d044db70dbc,30046,338469,0.8,15,18.4,67.4,2026-10-06 17:21 CST (26h ago),ZEC:68% PUMP:14% ENA:11% ASTER:4%,B,perp equity $20k (collateral $60k USDC in spot); thin sample (15 trades),0.8,10,86.0,1.0,20412,60144,5.2,new,2.085
0x0b38c01118342098d6f108cc3741349089cd9590,46071,167538,0.85,28,9.5,19.1,2026-10-07 18:15 CST (1h ago),DELL:62% CRCL:30% AMD:6% INTC:3%,B,stock/commodity-perp heavy (100% of volume); perp equity $0k (collateral $420k USDC in spot),0.82,20,85.7,1.0,0,420284,23.3,new,2.061
0xa99c9e5484e5b26635c07876d0859a1819ff40d5,38999,321599,0.75,22,10.2,97.3,2026-10-06 04:57 CST (38h ago),BTC:36% MSTR:34% HYPE:26% CXMT:4%,B,stock/commodity-perp heavy (34% of volume),0.82,12,61.7,1.0,794608,0,32.4,new,2.029
0x8bae3527e5a33fa0cf184f37bc112d071463ab6d,458426,602694,1.0,33,8.0,78.8,2026-10-07 15:45 CST (3h ago),META:14% RSR:10% GOOGL:6% S:6%,B,only 78% volume in OKX-perp coins; few trades last 30d (2),0.67,2,102.0,0.783,715392,0,16.6,new,1.896
0x308fd47d492cf32d0f504c2a3e82bc25583b455b,89428,420554,0.73,65,2.9,5.1,2026-10-07 18:09 CST (1h ago),ZEC:36% ETH:35% NEAR:5% HYPE:5%,B,high leverage (10x notional/equity),0.77,30,106.0,0.953,178882,0,16.5,new,1.878
0xb69eec8fea0081343c3b09e652ba1fa7dcf7033a,139010,908367,0.6,52,6.0,85.0,2026-10-06 05:09 CST (38h ago),ETH:26% BTC:23% DRAM:14% SOL:6%,B,high leverage (16x notional/equity),0.6,10,103.1,0.961,575690,0,19.4,kept,1.841
0x051c2e6d49cf82ebc47f08f9b85800f94fc9693c,530841,4190484,0.5,35,6.7,21.5,2026-10-07 17:21 CST (2h ago),BTC:37% AAVE:11% CRWV:10% SNDK:10%,B,,0.6,12,71.9,0.959,2467701,0,27.2,kept,1.796
0x0f859756ab0f1655ca61b32d21f6cf9ec2b998dc,164086,677052,0.78,27,7.1,46.0,2026-10-07 10:45 CST (8h ago),BTC:92% XRP:2% CRCL:2% MSTR:2%,B,high leverage (11x notional/equity),0.63,9,125.9,0.995,319335,0,26.4,kept,1.788
0xf9faba57a81d1575d3e506dd3eafe7db6f2a3275,27188,928412,0.62,47,3.8,7.4,2026-10-07 10:15 CST (9h ago),BTC:42% ZEC:12% LINK:9% NEAR:9%,B,high leverage (11x notional/equity),0.62,47,19.1,1.0,288965,0,104.9,kept,1.729
0x0a506b1e47726e769949086ea60b5b01cbaf956a,44256,197941,0.94,210,21.0,17.6,2026-10-07 17:51 CST (1h ago),NEAR:6% XRP:6% PUMP:5% ZEC:5%,C,algo-like (156 fills/day),0.94,210,10.9,0.935,309232,0,155.9,new,2.721
0xd223626a37fdd7f3aa0727edebcf1b94d2e5ae69,94536,239394,1.0,25,99.0,0.7,2026-10-07 16:57 CST (2h ago),BTC:53% PUMP:35% ZEC:6% SOL:3%,C,algo-like (191 fills/day); very short holds (0.7h median); near-100% win rate (check for averaging-down / tiny-loss masking); top trade 52% of gains,1.0,25,10.5,0.989,122332,0,191.4,new,2.642
0x5740affc8faf8913f9f2d5fbb9bdc6e8119ea9da,41265,671693,0.83,26,34.6,15.6,2026-10-05 02:33 CST (64h ago),SOL:15% AAVE:15% SNDK:12% NEAR:5%,C,last fill 64h ago; top trade 47% of gains,0.54,6,102.2,0.931,702850,0,19.2,new,2.095
0x757df2c060ec6c7ba898fa6570aa98c1f46294ba,594915,1376029,0.95,22,4.8,2.5,2026-10-07 10:03 CST (9h ago),ZEC:52% ENA:25% PUMP:16% HYPE:7%,C,equity shrank to $170k from >$1M (withdrawal); high leverage (11x notional/equity),0.95,22,23.3,1.0,169516,0,85.7,kept,1.974
0x2f58adc8b81f51b02acf65eff40d9f5bbb88bc9e,77475,468567,0.86,22,5.4,28.3,2026-10-07 14:09 CST (5h ago),BTC:52% ETH:21% SOL:15% HYPE:4%,C,algo-like (154 fills/day); high leverage (9x notional/equity),0.86,22,13.0,1.0,650453,0,153.8,new,1.913
0x739ccf4aa388ddade09316f7aee5ed0ec7ae5739,42475,162000,0.73,139,2.1,6.3,2026-10-07 14:03 CST (5h ago),ETH:43% BTC:28% HYPE:17% UNI:7%,C,perp equity $19k (collateral $164k USDC in spot),0.68,49,247.2,0.999,18736,164248,6.7,new,1.853
0xd6e1a6f7bb47aca69aaa511210227d40926ff256,318275,475533,0.64,49,2.4,9.3,2026-10-07 18:39 CST (0h ago),ETH:44% ZEC:40% TRUMP:9% DOGE:6%,C,,0.76,14,46.1,1.0,900012,0,43.4,new,1.76
0xa9d90f0eb0993390bd02a2c50cee658ebd01b48e,3306,150036,1.0,43,1.6,64.9,2026-10-07 10:03 CST (9h ago),ETH:17% NEAR:11% CL:10% BTC:7%,C,high leverage (8x notional/equity),0.88,20,97.6,0.963,82932,0,20.5,new,1.76
0x12f7aea21eed5461d30212ea771c4441656b8750,340209,596692,0.6,124,2.0,18.3,2026-10-07 17:51 CST (1h ago),BTC:38% MU:11% NVDA:8% DRAM:6%,C,,0.57,42,146.0,0.962,586430,0,8.5,kept,1.718
0xd21d931890d27b6e7e2e668f27931e17698e90f1,10266,1885040,0.67,72,2.6,37.3,2026-10-06 21:39 CST (21h ago),HYPE:23% MU:15% ZEC:13% BTC:7%,C,,0.56,9,251.3,0.981,4441472,0,12.5,kept,1.653
0xc6758a779bccee1ef0190dbe8292fdf44076795d,72965,951946,0.6,29,1.8,11.3,2026-10-07 10:03 CST (9h ago),BTC:76% ETH:8% HYPE:7% SOL:4%,C,,0.66,5,87.1,1.0,999236,0,22.4,kept,1.483
0x59629e23c52a0d7c092436870ef2db1dc382ddf8,236008,1044601,0.5,19,1.7,3.3,2026-10-07 11:45 CST (7h ago),ZEC:53% SOL:11% HYPE:10% BTC:7%,C,thin sample (19 trades); few trades last 30d (4),0.58,4,96.1,0.911,455114,0,20.4,kept,1.304
